{
  "mesh_path": "/root/samworker_service/tabletop_obb_estimator/inputs/mesh.glb",
  "vertex_count": 169146,
  "face_count": 338284,
  "obb_center_xyz": [
    -0.004877163976937361,
    -0.007015499058184425,
    -0.00037176760134570474
  ],
  "obb_extents_xyz": [
    0.4663101924431328,
    0.4711384796316993,
    0.4785058034445142
  ],
  "obb_rotation_matrix": [
    [
      -7.090270023906872e-05,
      -0.9999999790661666,
      0.00019193872337209403
    ],
    [
      0.9999999890669279,
      -7.087779141043733e-05,
      0.00012977859159061183
    ],
    [
      -0.00012976498468104966,
      0.00019194792292619113,
      0.9999999731585214
    ]
  ],
  "obb_rotation_quaternion_wxyz": [
    0.7070817125104552,
    2.198095716365315e-05,
    0.00011374346923460663,
    0.7071318394843658
  ],
  "obb_transform": [
    [
      -7.090270023906872e-05,
      -0.9999999790661666,
      0.00019193872337209403,
      -0.004877163976937361
    ],
    [
      0.9999999890669279,
      -7.087779141043733e-05,
      0.00012977859159061183,
      -0.007015499058184425
    ],
    [
      -0.00012976498468104966,
      0.00019194792292619113,
      0.9999999731585214,
      -0.00037176760134570474
    ],
    [
      0.0,
      0.0,
      0.0,
      1.0
    ]
  ],
  "obb_corners_xyz": [
    [
      0.23066268033692203,
      -0.24018494600782644,
      -0.23963962456049964
    ],
    [
      0.2307545241299613,
      -0.2401228461985875,
      0.2388661660402113
    ],
    [
      -0.2404757894320428,
      -0.24021833926271122,
      -0.23954919050792373
    ],
    [
      -0.24038394563900353,
      -0.24015623945347228,
      0.2389566000927872
    ],
    [
      0.23062961768512882,
      0.2261252413371034,
      -0.23970013529547865
    ],
    [
      0.2307214614781681,
      0.22618734114634234,
      0.2388056553052323
    ],
    [
      -0.24050885208383602,
      0.22609184808221863,
      -0.23960970124290273
    ],
    [
      -0.24041700829079674,
      0.22615394789145757,
      0.2388960893578082
    ]
  ],
  "notes": [
    "obb_extents_xyz are the three box edge lengths.",
    "If the three extents are almost equal, the box rotation may be numerically unstable or not meaningful."
  ]
}
